기관명,유형,지역,이메일,전화,홈페이지
신풍초등학교,학교(학부모 연수),경기 수원(영통),,,http://www.shinpoong.es.kr/
원일초등학교,학교(학부모 연수),경기 수원(영통),,,http://www.wonil.es.kr/
청명초등학교,학교(학부모 연수),경기 수원(영통),,,http://www.cmschool.es.kr/
매원초등학교,학교(학부모 연수),경기 수원(영통),,,http://www.mae-won.es.kr/
중앙기독초등학교,학교(학부모 연수),경기 수원(영통),,,http://suwoncca.org/
청솔초등학교,학교(학부모 연수),경기 성남(분당),,,http://www.chungsol.es.kr/
안말초등학교,학교(학부모 연수),경기 성남(분당),,,http://www.anmal.es.kr/
성남장안초등학교,학교(학부모 연수),경기 성남(분당),,,http://www.snja-e.es.kr/
성남정자초등학교,학교(학부모 연수),경기 성남(분당),,,http://www.snjj.es.kr/
구미초등학교,학교(학부모 연수),경기 성남(분당),,,http://www.kumi.es.kr/
벽제초등학교,학교(학부모 연수),경기 고양(일산동),,,http://www.byeokje.es.kr/
백석초등학교,학교(학부모 연수),경기 고양(일산동),,,http://www.kybs.es.kr/
금계초등학교,학교(학부모 연수),경기 고양(일산동),,,http://www.gygg.es.kr/
한류초등학교,학교(학부모 연수),경기 고양(일산동),,,http://www.hanryu.es.kr/
모당초등학교,학교(학부모 연수),경기 고양(일산동),,,http://www.modang.es.kr/
고기초등학교,학교(학부모 연수),경기 용인(수지),,,http://www.kogi.es.kr/
대지초등학교,학교(학부모 연수),경기 용인(수지),,,http://www.daiji.es.kr/
동천초등학교,학교(학부모 연수),경기 용인(수지),,,http://www.dongcheon1.es.kr/
서원초등학교,학교(학부모 연수),경기 용인(수지),,,http://www.seowon.es.kr/
풍천초등학교,학교(학부모 연수),경기 용인(수지),,,http://www.pung1000.es.kr/
부천북초등학교,학교(학부모 연수),경기 부천,,,http://www.bucheonbuk.es.kr/
삼정초등학교,학교(학부모 연수),경기 부천,,,http://www.samjung.es.kr/
오정초등학교,학교(학부모 연수),경기 부천,,,http://www.ojeong.es.kr/
부천동초등학교,학교(학부모 연수),경기 부천,,,http://bcdong-e.goebc.kr/
심곡초등학교,학교(학부모 연수),경기 부천,,,http://www.bcsimgok.es.kr/
벌말초등학교,학교(학부모 연수),경기 안양(동안),,,http://www.beolmal.es.kr/
달안초등학교,학교(학부모 연수),경기 안양(동안),,,http://www.daran.es.kr/
부흥초등학교,학교(학부모 연수),경기 안양(동안),,,http://www.buheung.es.kr/
호계초등학교,학교(학부모 연수),경기 안양(동안),,,http://www.ayhogye.es.kr/
안양동초등학교,학교(학부모 연수),경기 안양(동안),,,http://www.anyangdong.es.kr/
